userId,movieTitle,mf_score
1,Chinatown (1974),4.802465897169609
1,"Lord of the Rings: The Return of the King, The (2003)",4.639250892641537
1,Memento (2000),4.526585969798466
1,"Lord of the Rings: The Two Towers, The (2002)",4.509464910888921
1,Spirited Away (Sen to Chihiro no kamikakushi) (2001),4.457410099869524
1,Fargo (1996),4.453584213190719
1,"Blues Brothers, The (1980)",4.427203521099497
1,Once Upon a Time in America (1984),4.405065056716679
1,Peter Pan (1953),4.404607839726916
1,"Ten Commandments, The (1956)",4.3904070524310805
2,Chinatown (1974),5.630866935515744
2,Fargo (1996),5.495021611938856
2,Elizabeth (1998),5.4524373256615934
2,"Remains of the Day, The (1993)",5.42358799307542
2,"Bill Cosby, Himself (1983)",5.4171344761049065
2,Fight Club (1999),5.386279447787502
2,Once Upon a Time in America (1984),5.377440255450453
2,Empire of the Sun (1987),5.368312536112047
2,Real Genius (1985),5.342794271904359
2,"Other Side of the Bed, The (Otro lado de la cama, El) (2002)",5.326547760503828
3,Real Genius (1985),4.76215503905092
3,Chinatown (1974),4.683886532685566
3,Patton (1970),4.658601772495681
3,Once Upon a Time in America (1984),4.652217666313779
3,Fargo (1996),4.6443880657041605
3,Spirited Away (Sen to Chihiro no kamikakushi) (2001),4.617844343560861
3,Citizen Kane (1941),4.614691512816897
3,Apocalypse Now (1979),4.611311829583555
3,"Sweet Hereafter, The (1997)",4.582309445957244
3,Mallrats (1995),4.578718592082281
4,Citizen Kane (1941),3.82957136824572
4,Fargo (1996),3.82273151269267
4,Clerks (1994),3.8047087088283504
4,Dangerous Liaisons (1988),3.785542273090011
4,2001: A Space Odyssey (1968),3.784101918519574
4,Empire of the Sun (1987),3.7798308164468057
4,Secretary (2002),3.7760426323323113
4,Chinatown (1974),3.7700898011096813
4,Seven Samurai (Shichinin no samurai) (1954),3.7700518650605512
4,Barcelona (1994),3.756584209616544
5,Chinatown (1974),4.707035314328539
5,"Lord of the Rings: The Return of the King, The (2003)",4.470852753945362
5,Real Genius (1985),4.447227749653346
5,Secrets & Lies (1996),4.424527651121919
5,Dangerous Liaisons (1988),4.375823307994278
5,Barcelona (1994),4.365791440938757
5,Apocalypse Now (1979),4.334282967822984
5,Memento (2000),4.332518156242228
5,Star Wars: Episode V - The Empire Strikes Back (1980),4.326181832934066
5,Fight Club (1999),4.299589210589074
6,Fight Club (1999),5.646938913036151
6,Fargo (1996),5.641799983252396
6,Chinatown (1974),5.609767706609469
6,"Remains of the Day, The (1993)",5.576052357656939
6,Elizabeth (1998),5.5488332016506
6,"Piano, The (1993)",5.523796959057732
6,Titanic (1997),5.518708019384942
6,Once Upon a Time in America (1984),5.4880353188103665
6,"Other Side of the Bed, The (Otro lado de la cama, El) (2002)",5.444448264699379
6,Forrest Gump (1994),5.429235636861588
7,Casablanca (1942),4.693325292738528
7,Fargo (1996),4.6461646546794775
7,"Silence of the Lambs, The (1991)",4.595557715311934
7,Clerks (1994),4.575052604643969
7,Traffic (2000),4.528343412528205
7,American Beauty (1999),4.489018246196342
7,Seven Samurai (Shichinin no samurai) (1954),4.488490342251656
7,Dangerous Liaisons (1988),4.487593294312808
7,"Bill Cosby, Himself (1983)",4.478171298979022
7,Citizen Kane (1941),4.463580652867079
8,Chinatown (1974),4.822039729215166
8,Casablanca (1942),4.809227935842537
8,Seven Samurai (Shichinin no samurai) (1954),4.78940711232784
8,Once Upon a Time in America (1984),4.779621953625443
8,"Shawshank Redemption, The (1994)",4.769846987403449
8,Barcelona (1994),4.769053253355343
8,Empire of the Sun (1987),4.766039876840859
8,Mallrats (1995),4.752504544346675
8,Dangerous Liaisons (1988),4.743609393680035
8,Real Genius (1985),4.7417689609901155
9,Real Genius (1985),4.886326180968099
9,Fargo (1996),4.874553310310576
9,Seven Samurai (Shichinin no samurai) (1954),4.86946397833323
9,Dangerous Liaisons (1988),4.868947605622785
9,Clerks (1994),4.839609889570303
9,Barcelona (1994),4.832576388961416
9,Casablanca (1942),4.8197167603996
9,Chinatown (1974),4.812693647810885
9,Star Wars: Episode V - The Empire Strikes Back (1980),4.804713939636883
9,Mallrats (1995),4.794247835398617
10,Chinatown (1974),4.105310520512078
10,Real Genius (1985),3.9541653964015357
10,Dangerous Liaisons (1988),3.8795960503638427
10,Apocalypse Now (1979),3.8350311893698144
10,Fargo (1996),3.8240483987186282
10,"Shawshank Redemption, The (1994)",3.796703245083669
10,Empire of the Sun (1987),3.793392823963884
10,"Bill Cosby, Himself (1983)",3.7894465883839072
10,Citizen Kane (1941),3.785552097530278
10,Barcelona (1994),3.7702823650443626
11,Once Upon a Time in America (1984),4.5072886603670215
11,Chinatown (1974),4.481018397076782
11,Fargo (1996),4.474649160738372
11,Mallrats (1995),4.4533220426600595
11,Patton (1970),4.447759067662657
11,Real Genius (1985),4.405388159115529
11,Apocalypse Now (1979),4.386398821372632
11,City of God (Cidade de Deus) (2002),4.376552473013842
11,Elizabeth (1998),4.367203135832875
11,"Sweet Hereafter, The (1997)",4.3489002961895915
12,Big Fish (2003),4.263227559377098
12,"Sweet Hereafter, The (1997)",4.206237766148704
12,Chinatown (1974),4.1825231765031345
12,Real Genius (1985),4.172196938911745
12,"Pianist, The (2002)",4.122237131009545
12,Stand by Me (1986),4.096781181870175
12,Empire of the Sun (1987),4.068628204604885
12,"Sound of Music, The (1965)",4.066713662501701
12,Fargo (1996),4.05576115078475
12,Elizabeth (1998),4.043245987419516
13,Chinatown (1974),4.659056757813676
13,Real Genius (1985),4.44467618084453
13,"Lord of the Rings: The Return of the King, The (2003)",4.436767014909138
13,Barcelona (1994),4.413885726631259
13,Dangerous Liaisons (1988),4.377584934062319
13,Secrets & Lies (1996),4.353401617714279
13,Memento (2000),4.330109158334493
13,"Lord of the Rings: The Two Towers, The (2002)",4.322974706947395
13,Rear Window (1954),4.321278735855588
13,Mallrats (1995),4.307013851096578
14,Chinatown (1974),5.80428819447316
14,Fargo (1996),5.767943868104875
14,Real Genius (1985),5.7337834062727735
14,Dangerous Liaisons (1988),5.687316314631293
14,Star Wars: Episode V - The Empire Strikes Back (1980),5.634343536318017
14,Once Upon a Time in America (1984),5.629005600284551
14,Empire of the Sun (1987),5.618846178985245
14,Barcelona (1994),5.615056819470158
14,"Shawshank Redemption, The (1994)",5.6133965660801435
14,"Bill Cosby, Himself (1983)",5.594738973194794
15,Forrest Gump (1994),4.419913921457658
15,Casablanca (1942),4.415465371321102
15,Monty Python and the Holy Grail (1975),4.287717154007851
15,Chinatown (1974),4.209138521882666
15,Saving Private Ryan (1998),4.190824917709608
15,Clerks (1994),4.173058996307281
15,Fight Club (1999),4.16848190400638
15,"Bill Cosby, Himself (1983)",4.167162590725566
15,Traffic (2000),4.164498444754569
15,Metropolis (1927),4.153976206515165
16,Real Genius (1985),3.478996498265699
16,Apocalypse Now (1979),3.46746860921784
16,Crimes and Misdemeanors (1989),3.466711632037981
16,Three Colors: Red (Trois couleurs: Rouge) (1994),3.4656590235832017
16,Dangerous Liaisons (1988),3.465434112849827
16,"Graduate, The (1967)",3.4624385206327455
16,Big (1988),3.4561327703755045
16,Toy Story 2 (1999),3.4269402855250837
16,Secrets & Lies (1996),3.415153132375453
16,"Femme Nikita, La (Nikita) (1990)",3.37995340177575
17,Fargo (1996),5.061324557664017
17,Casablanca (1942),5.036056077177254
17,Clerks (1994),4.972886362733749
17,Chinatown (1974),4.967342774205482
17,Empire of the Sun (1987),4.935387848720043
17,Mallrats (1995),4.918549863710869
17,Citizen Kane (1941),4.913678629878256
17,Dangerous Liaisons (1988),4.870903245602013
17,"Killing Fields, The (1984)",4.865637631417172
17,Better Off Dead... (1985),4.86163513238348
18,Casablanca (1942),4.839392370766502
18,Empire of the Sun (1987),4.779492669246906
18,Monty Python and the Holy Grail (1975),4.72707521113093
18,Clerks (1994),4.675271251943508
18,Fargo (1996),4.637411284144217
18,"Killing Fields, The (1984)",4.612372647431036
18,From Hell (2001),4.599794540902646
18,"Pianist, The (2002)",4.588551713363882
18,Schindler's List (1993),4.573337262712935
18,Crumb (1994),4.566025275079751
19,Fargo (1996),5.025074004607422
19,Casablanca (1942),4.937748520598171
19,Empire of the Sun (1987),4.935294289524307
19,Star Wars: Episode V - The Empire Strikes Back (1980),4.934598941710981
19,Chinatown (1974),4.927175301257038
19,"Blues Brothers, The (1980)",4.920317028461394
19,Traffic (2000),4.905664431618434
19,Once Upon a Time in America (1984),4.899119790041765
19,Real Genius (1985),4.89753224019577
19,Fight Club (1999),4.891989214378982
20,Dangerous Liaisons (1988),4.745410257169339
20,Peter Pan (1953),4.678026731766064
20,Real Genius (1985),4.649939170867928
20,Secrets & Lies (1996),4.642134194467859
20,Seven Samurai (Shichinin no samurai) (1954),4.6395549493135935
20,Belle époque (1992),4.629105416061476
20,Monsoon Wedding (2001),4.622867825501283
20,"Life Aquatic with Steve Zissou, The (2004)",4.610252419217945
20,"Breakfast Club, The (1985)",4.605670860787989
20,Once Upon a Time in America (1984),4.6047930053786175
21,"Godfather, The (1972)",4.956350582230783
21,"Pianist, The (2002)",4.923945902072186
21,Fargo (1996),4.922236551493963
21,Once Upon a Time in America (1984),4.866159884577727
21,Elizabeth (1998),4.84085375052372
21,Chinatown (1974),4.839882450805944
21,Casablanca (1942),4.824439409401932
21,Empire of the Sun (1987),4.805022860627351
21,"Remains of the Day, The (1993)",4.798772518094325
21,"Shawshank Redemption, The (1994)",4.790305198095582
22,Chinatown (1974),4.724628946478872
22,Fargo (1996),4.6918425434412745
22,Empire of the Sun (1987),4.691515740239831
22,Casablanca (1942),4.687305671407806
22,Seven Samurai (Shichinin no samurai) (1954),4.676323093175964
22,Barcelona (1994),4.675581032664632
22,Fight Club (1999),4.663516580871884
22,Real Genius (1985),4.663287273920035
22,Clerks (1994),4.646520362095191
22,Better Off Dead... (1985),4.639733259987702
23,Casablanca (1942),4.575510621472082
23,Fargo (1996),4.453810864400287
23,Chinatown (1974),4.4526392082255075
23,Empire of the Sun (1987),4.441404993581173
23,"Amelie (Fabuleux destin d'Amélie Poulain, Le) (2001)",4.397468243851917
23,Clerks (1994),4.388874273775505
23,Seven Samurai (Shichinin no samurai) (1954),4.378484440149823
23,Once Upon a Time in America (1984),4.375748487534457
23,Citizen Kane (1941),4.368046841729255
23,Full Metal Jacket (1987),4.350426596895929
24,Clerks (1994),4.458779663787855
24,Seven Samurai (Shichinin no samurai) (1954),4.418569684525586
24,Casablanca (1942),4.413299398230282
24,Chinatown (1974),4.392636873568023
24,Barcelona (1994),4.389750390050969
24,"Shawshank Redemption, The (1994)",4.326825751060076
24,Citizen Kane (1941),4.3267843119415215
24,Fargo (1996),4.322933851966417
24,Dangerous Liaisons (1988),4.317347672018279
24,Rear Window (1954),4.305714677304068
25,Fargo (1996),4.260809182864885
25,Chinatown (1974),4.22553780299777
25,Real Genius (1985),4.213087472270057
25,Empire of the Sun (1987),4.174647772052019
25,Dangerous Liaisons (1988),4.142097590106489
25,Apocalypse Now (1979),4.1401048913603775
25,Seven Samurai (Shichinin no samurai) (1954),4.11333868970725
25,Once Upon a Time in America (1984),4.107726374156762
25,Star Wars: Episode V - The Empire Strikes Back (1980),4.104557172826331
25,Citizen Kane (1941),4.101739240649091
26,Fargo (1996),5.037273139505154
26,Empire of the Sun (1987),4.913275683004227
26,Clerks (1994),4.857392193905768
26,Real Genius (1985),4.855016949696458
26,Dangerous Liaisons (1988),4.848169941967204
26,Chinatown (1974),4.8449100661624955
26,Casablanca (1942),4.843419807371546
26,Citizen Kane (1941),4.833859133098919
26,Seven Samurai (Shichinin no samurai) (1954),4.809362115593875
26,Star Wars: Episode V - The Empire Strikes Back (1980),4.801852512723582
27,Chinatown (1974),4.673260522335609
27,Fargo (1996),4.605330206649837
27,Real Genius (1985),4.565536632269805
27,Empire of the Sun (1987),4.548356607181544
27,"Shawshank Redemption, The (1994)",4.545135509204756
27,Dangerous Liaisons (1988),4.530479349732189
27,Barcelona (1994),4.527715143925306
27,Citizen Kane (1941),4.521423287074412
27,Fight Club (1999),4.492691136564834
27,Clerks (1994),4.478672339796537
28,Chinatown (1974),4.349304333070011
28,Unzipped (1995),4.313549995210105
28,"Blues Brothers, The (1980)",4.275321584865226
28,Metropolis (1927),4.259587360453189
28,"Mummy, The (1932)",4.215763635322745
28,Elizabeth (1998),4.191340017566367
28,"Remains of the Day, The (1993)",4.153784568038355
28,Apocalypse Now (1979),4.14806345921573
28,"Usual Suspects, The (1995)",4.145367132049836
28,Once Upon a Time in America (1984),4.139669048445059
29,Fight Club (1999),4.430167612032179
29,Chinatown (1974),4.418078668766362
29,"Pianist, The (2002)",4.226828596852049
29,Casablanca (1942),4.210002074905284
29,Seven Samurai (Shichinin no samurai) (1954),4.205347700225056
29,"Amelie (Fabuleux destin d'Amélie Poulain, Le) (2001)",4.2014194961405735
29,Real Genius (1985),4.162529186112457
29,Elizabeth (1998),4.149570913064555
29,"Bill Cosby, Himself (1983)",4.145877343852239
29,Saving Private Ryan (1998),4.131648467579733
30,Chinatown (1974),4.039762089044926
30,Fargo (1996),3.983797068713984
30,Real Genius (1985),3.965055934961662
30,Dangerous Liaisons (1988),3.923906298834674
30,Barcelona (1994),3.9049190992803116
30,Star Wars: Episode V - The Empire Strikes Back (1980),3.8956508087036275
30,Empire of the Sun (1987),3.87356667159319
30,Once Upon a Time in America (1984),3.8540016603669898
30,Apocalypse Now (1979),3.8512125345488677
30,"Bill Cosby, Himself (1983)",3.8491689136766847
31,Fargo (1996),4.964150066784474
31,Empire of the Sun (1987),4.958601244385849
31,Once Upon a Time in America (1984),4.907960799838041
31,Casablanca (1942),4.882449324004127
31,Before Sunset (2004),4.871728421917346
31,Chinatown (1974),4.8699157316913775
31,Schindler's List (1993),4.869839579347622
31,"Remains of the Day, The (1993)",4.865818593120207
31,"Fish Called Wanda, A (1988)",4.852155206495005
31,"Bill Cosby, Himself (1983)",4.84791016698297
32,Chinatown (1974),4.830254229654242
32,Fargo (1996),4.728173049063298
32,"Shawshank Redemption, The (1994)",4.6730680327355865
32,Empire of the Sun (1987),4.65873087830811
32,Once Upon a Time in America (1984),4.6333602921353885
32,Citizen Kane (1941),4.630727474719602
32,"Bill Cosby, Himself (1983)",4.626152663717919
32,Mallrats (1995),4.607060038263603
32,Elizabeth (1998),4.604515915642338
32,Clerks (1994),4.600516640677
33,Fargo (1996),4.987051732139474
33,"Amelie (Fabuleux destin d'Amélie Poulain, Le) (2001)",4.943185639921461
33,Casablanca (1942),4.927468456133427
33,Real Genius (1985),4.918986981225951
33,Chinatown (1974),4.910403615421242
33,Empire of the Sun (1987),4.887240028416207
33,Better Off Dead... (1985),4.8562284431440395
33,Traffic (2000),4.849930772590326
33,Secrets & Lies (1996),4.8399118296133965
33,Secretary (2002),4.839765539728927
34,Chinatown (1974),4.470355583262886
34,Mallrats (1995),4.372317672037904
34,Real Genius (1985),4.372039287042125
34,Barcelona (1994),4.364325603834657
34,Seven Samurai (Shichinin no samurai) (1954),4.353148711565846
34,Dangerous Liaisons (1988),4.343295228207088
34,Apocalypse Now (1979),4.322985375742895
34,Fargo (1996),4.318046833246908
34,City of God (Cidade de Deus) (2002),4.299420578275175
34,Once Upon a Time in America (1984),4.2926555604254055
35,Clerks (1994),4.859185921299659
35,Casablanca (1942),4.8455994376358005
35,Seven Samurai (Shichinin no samurai) (1954),4.770061119447303
35,Chinatown (1974),4.754176938383713
35,Dangerous Liaisons (1988),4.747404798554889
35,Pulp Fiction (1994),4.720731948384753
35,Barcelona (1994),4.719836220511989
35,Empire of the Sun (1987),4.715759160311202
35,Real Genius (1985),4.7134107199601765
35,"Bill Cosby, Himself (1983)",4.70628299546349
36,Fargo (1996),4.31156554613056
36,Chinatown (1974),4.304566352659717
36,Real Genius (1985),4.225219338690251
36,Empire of the Sun (1987),4.192539690530877
36,Clerks (1994),4.172511722603066
36,Casablanca (1942),4.1591608834236675
36,"Bill Cosby, Himself (1983)",4.153808560388048
36,Citizen Kane (1941),4.1429613282824285
36,"Remains of the Day, The (1993)",4.139321633088661
36,Once Upon a Time in America (1984),4.137225967242586
37,Chinatown (1974),4.134920502651576
37,Fight Club (1999),4.127296042137039
37,"Remains of the Day, The (1993)",4.092151988666828
37,Barcelona (1994),4.071081389797595
37,Casablanca (1942),4.041669047762945
37,Seven Samurai (Shichinin no samurai) (1954),4.0188933390042045
37,Once Upon a Time in America (1984),4.018523700307375
37,"Amelie (Fabuleux destin d'Amélie Poulain, Le) (2001)",3.999377815153198
37,"Lord of the Rings: The Return of the King, The (2003)",3.994159241003934
37,Peter Pan (1953),3.9488351306210983
38,Real Genius (1985),4.222368842969255
38,Barcelona (1994),4.148501688969134
38,"Lord of the Rings: The Return of the King, The (2003)",4.127193177709195
38,Dangerous Liaisons (1988),4.06146035413265
38,Terminator 2: Judgment Day (1991),4.061196778352665
38,Fight Club (1999),4.040042130658409
38,Secrets & Lies (1996),4.022381531464152
38,Good Will Hunting (1997),3.988508461122529
38,Star Wars: Episode V - The Empire Strikes Back (1980),3.970755699219331
38,Apocalypse Now (1979),3.935103659484498
39,"Sweet Hereafter, The (1997)",4.844941363746378
39,Better Off Dead... (1985),4.8220957222445575
39,"Amelie (Fabuleux destin d'Amélie Poulain, Le) (2001)",4.810762974097857
39,One Flew Over the Cuckoo's Nest (1975),4.800650528341942
39,Once Upon a Time in America (1984),4.78869341577683
39,"Pianist, The (2002)",4.781716143903557
39,Chinatown (1974),4.77858648904227
39,Fight Club (1999),4.774234967913958
39,Mallrats (1995),4.754312507831099
39,Apocalypse Now (1979),4.7397979222448114
40,Fight Club (1999),5.034871818021627
40,"Amelie (Fabuleux destin d'Amélie Poulain, Le) (2001)",4.933650048156954
40,Real Genius (1985),4.9047668308310595
40,"Pianist, The (2002)",4.901651106691548
40,"Shawshank Redemption, The (1994)",4.8845421594440275
40,Once Upon a Time in America (1984),4.876622559898126
40,Dangerous Liaisons (1988),4.874311702018179
40,Mallrats (1995),4.873418056530099
40,Secretary (2002),4.855684829130313
40,Chinatown (1974),4.85394690952268
41,Real Genius (1985),4.089197235010497
41,Fargo (1996),4.068594454792631
41,Chinatown (1974),4.051321288795321
41,Dangerous Liaisons (1988),4.030562045060789
41,Barcelona (1994),3.989103394845126
41,Seven Samurai (Shichinin no samurai) (1954),3.9860903414038855
41,Citizen Kane (1941),3.978256573466489
41,Full Metal Jacket (1987),3.945292258982642
41,"Shawshank Redemption, The (1994)",3.9420707585459036
41,Casablanca (1942),3.940535779664793
42,Fargo (1996),4.842832731915439
42,Chinatown (1974),4.830034869881013
42,Secrets & Lies (1996),4.785536924792944
42,"Bill Cosby, Himself (1983)",4.768211693301241
42,Once Upon a Time in America (1984),4.764524064933857
42,Star Wars: Episode V - The Empire Strikes Back (1980),4.721197264286146
42,Traffic (2000),4.709382731833182
42,Good Will Hunting (1997),4.69901959913095
42,Seven Samurai (Shichinin no samurai) (1954),4.685630224551921
42,Barcelona (1994),4.685138332499565
43,Clerks (1994),4.4360397848505855
43,Casablanca (1942),4.4071541523533035
43,Citizen Kane (1941),4.405522631458078
43,Empire of the Sun (1987),4.362667118109972
43,"Godfather, The (1972)",4.322782938604856
43,Secretary (2002),4.278735125058056
43,Once Upon a Time in America (1984),4.245270325773396
43,"Big Lebowski, The (1998)",4.225674648199968
43,"Pianist, The (2002)",4.21684982460988
43,Seven Samurai (Shichinin no samurai) (1954),4.216312215098592
44,Real Genius (1985),4.8518186015123455
44,Chinatown (1974),4.820231592754496
44,Elizabeth (1998),4.775502988101603
44,Fargo (1996),4.756577998849472
44,Dangerous Liaisons (1988),4.700729989732277
44,Apocalypse Now (1979),4.6563855932716685
44,Star Wars: Episode V - The Empire Strikes Back (1980),4.651142183333613
44,Big (1988),4.624573340778024
44,Three Colors: Red (Trois couleurs: Rouge) (1994),4.6217693620409275
44,"Sweet Hereafter, The (1997)",4.612133787039857
45,Chinatown (1974),4.855022358270619
45,Real Genius (1985),4.7980478519756575
45,Fargo (1996),4.766418566038985
45,Citizen Kane (1941),4.70294106054822
45,Empire of the Sun (1987),4.699302402249153
45,Mallrats (1995),4.691276928664775
45,Once Upon a Time in America (1984),4.682026278195976
45,Dangerous Liaisons (1988),4.666544686076832
45,Apocalypse Now (1979),4.634337067180657
45,City of God (Cidade de Deus) (2002),4.631915769786824
46,Chinatown (1974),4.703310083249521
46,Casablanca (1942),4.6263464477758225
46,Fargo (1996),4.593936872021138
46,"Bill Cosby, Himself (1983)",4.586727322170513
46,"Remains of the Day, The (1993)",4.561265453080147
46,Once Upon a Time in America (1984),4.55455626341566
46,Full Metal Jacket (1987),4.539257352198416
46,Real Genius (1985),4.515855083207344
46,Clerks (1994),4.49722308219601
46,Empire of the Sun (1987),4.495908335156202
47,Fargo (1996),5.0515259398476315
47,Real Genius (1985),5.040899309106007
47,"Bill Cosby, Himself (1983)",4.9422416889057565
47,Elizabeth (1998),4.940505989630444
47,Once Upon a Time in America (1984),4.915288455974974
47,Dangerous Liaisons (1988),4.893047786769727
47,Empire of the Sun (1987),4.885124257560471
47,Barcelona (1994),4.874896790098719
47,Star Wars: Episode V - The Empire Strikes Back (1980),4.874563314930673
47,Traffic (2000),4.856034015268857
48,Fargo (1996),5.128449878173484
48,Mallrats (1995),5.069108101143327
48,Seven Samurai (Shichinin no samurai) (1954),4.9922959352301985
48,Barcelona (1994),4.9783310625110015
48,Real Genius (1985),4.967718727723407
48,"Piano, The (1993)",4.952707460783844
48,Pulp Fiction (1994),4.946423600131094
48,Once Upon a Time in America (1984),4.934212566879408
48,Citizen Kane (1941),4.91942931791912
48,Chinatown (1974),4.915507741228409
49,Casablanca (1942),4.877619051616278
49,Fargo (1996),4.870241713650858
49,"Bill Cosby, Himself (1983)",4.77286306334735
49,Chinatown (1974),4.770970536419985
49,"Silence of the Lambs, The (1991)",4.756744992195906
49,Empire of the Sun (1987),4.75594449486057
49,Once Upon a Time in America (1984),4.745132863411664
49,"Remains of the Day, The (1993)",4.725212890030494
49,One Flew Over the Cuckoo's Nest (1975),4.711240980830832
49,Clerks (1994),4.698218582180413
50,Fargo (1996),4.972989025558275
50,Chinatown (1974),4.883175286954271
50,Clerks (1994),4.8825790390119135
50,Dangerous Liaisons (1988),4.87774923137065
50,Barcelona (1994),4.870187621027766
50,Empire of the Sun (1987),4.859898275109115
50,Real Genius (1985),4.854236486395264
50,Mallrats (1995),4.833370206688161
50,Citizen Kane (1941),4.832255078872844
50,Peter Pan (1953),4.797471810888035
51,Chinatown (1974),4.281188444069978
51,Terminator 2: Judgment Day (1991),4.149851082789375
51,Barcelona (1994),4.017939204407836
51,"Amelie (Fabuleux destin d'Amélie Poulain, Le) (2001)",4.010532756116866
51,"River Runs Through It, A (1992)",3.9362917527100407
51,Real Genius (1985),3.893596319258792
51,Dangerous Liaisons (1988),3.8371494535181503
51,"Shawshank Redemption, The (1994)",3.8334664953690254
51,Secrets & Lies (1996),3.8242910678346465
51,Good Will Hunting (1997),3.8221780982578295
52,Real Genius (1985),3.984771496990856
52,Chinatown (1974),3.9782214399266924
52,Dangerous Liaisons (1988),3.96844492604394
52,Fargo (1996),3.938728231039831
52,Barcelona (1994),3.8855281573070757
52,Mallrats (1995),3.86670890570562
52,Star Wars: Episode V - The Empire Strikes Back (1980),3.8662600752300897
52,Empire of the Sun (1987),3.863032245386161
52,"Lord of the Rings: The Two Towers, The (2002)",3.850499929568965
52,Apocalypse Now (1979),3.845201565193462
53,Real Genius (1985),5.163657962061967
53,Chinatown (1974),5.158540482159922
53,Fargo (1996),5.110369526686531
53,Dangerous Liaisons (1988),5.107209361464022
53,Barcelona (1994),5.082099617219738
53,Star Wars: Episode V - The Empire Strikes Back (1980),5.06486885357864
53,Secrets & Lies (1996),5.030016950811722
53,Mallrats (1995),4.998858884290333
53,Empire of the Sun (1987),4.983642339349789
53,Seven Samurai (Shichinin no samurai) (1954),4.981965792550338
54,Empire of the Sun (1987),5.019129063732982
54,Chinatown (1974),4.97150156764206
54,Real Genius (1985),4.907525622135284
54,"Sound of Music, The (1965)",4.9030195143181645
54,Clerks (1994),4.8933211127977
54,2001: A Space Odyssey (1968),4.885386929057587
54,Casablanca (1942),4.872705614097691
54,Stand by Me (1986),4.870932116432852
54,Barcelona (1994),4.860655691658021
54,Heavy Metal (1981),4.843953940251728
55,Fargo (1996),5.175198847803797
55,Casablanca (1942),5.0642791299054535
55,Chinatown (1974),5.063382754560973
55,Empire of the Sun (1987),5.0604703103455995
55,Real Genius (1985),5.049073176751557
55,Once Upon a Time in America (1984),5.034628798599458
55,One Flew Over the Cuckoo's Nest (1975),4.991893559270472
55,Dangerous Liaisons (1988),4.986915365110481
55,"Shawshank Redemption, The (1994)",4.985201996973484
55,Barcelona (1994),4.968203666873231
56,One Flew Over the Cuckoo's Nest (1975),4.32052855649317
56,American Beauty (1999),4.289867556909795
56,Fargo (1996),4.235263145444309
56,2001: A Space Odyssey (1968),4.202904924679082
56,"Big Lebowski, The (1998)",4.185351959044843
56,Dangerous Liaisons (1988),4.1749595622192555
56,Real Genius (1985),4.169454740341512
56,"Graduate, The (1967)",4.128446568917458
56,Pulp Fiction (1994),4.119419231558026
56,Blade Runner (1982),4.118768540625442
57,Real Genius (1985),4.239248175305796
57,Dangerous Liaisons (1988),4.205499983876875
57,"Life Aquatic with Steve Zissou, The (2004)",4.199765480177534
57,Star Wars: Episode V - The Empire Strikes Back (1980),4.171337638047455
57,Toy Story 2 (1999),4.164702946380863
57,Barcelona (1994),4.153900145106225
57,Casablanca (1942),4.147295344220662
57,"Hunt for Red October, The (1990)",4.143192125264955
57,Clerks (1994),4.1319374936752595
57,Belle époque (1992),4.122287540388323
58,Forrest Gump (1994),4.71187093302596
58,Fight Club (1999),4.658267555488424
58,Casablanca (1942),4.537052634212478
58,Chinatown (1974),4.532856367875845
58,Schindler's List (1993),4.407751966169878
58,Barcelona (1994),4.383376640921027
58,"Amelie (Fabuleux destin d'Amélie Poulain, Le) (2001)",4.381944378098504
58,Real Genius (1985),4.356961256413386
58,Terminator 2: Judgment Day (1991),4.34727759070789
58,Fargo (1996),4.332597364095798
59,Fargo (1996),4.126730282794726
59,Real Genius (1985),4.112271009719664
59,Chinatown (1974),4.0714384418749665
59,Fight Club (1999),4.064798629685984
59,Barcelona (1994),4.032356558669198
59,Seven Samurai (Shichinin no samurai) (1954),3.9961138387246353
59,Full Metal Jacket (1987),3.995704272889872
59,"Shawshank Redemption, The (1994)",3.987341414059223
59,Clerks (1994),3.980562759736008
59,Better Off Dead... (1985),3.9650669047441176
60,Chinatown (1974),4.529434376041718
60,Fargo (1996),4.482169085146066
60,"Sweet Hereafter, The (1997)",4.446604158530108
60,Secrets & Lies (1996),4.4440258715146
60,Empire of the Sun (1987),4.432681373181028
60,Real Genius (1985),4.425550766447303
60,Star Wars: Episode V - The Empire Strikes Back (1980),4.399356984644869
60,Seven Samurai (Shichinin no samurai) (1954),4.398133103184937
60,Once Upon a Time in America (1984),4.392778285633805
60,"Pianist, The (2002)",4.392020355189672
61,Chinatown (1974),4.734657593421257
61,Casablanca (1942),4.729427306369835
61,Fight Club (1999),4.6961602650623915
61,Full Metal Jacket (1987),4.603474545400996
61,Empire of the Sun (1987),4.596120305989896
61,Barcelona (1994),4.594121339936747
61,Citizen Kane (1941),4.585767165533435
61,Clerks (1994),4.583222990763277
61,Real Genius (1985),4.565436579467339
61,Fargo (1996),4.555640184945655
62,"Life Aquatic with Steve Zissou, The (2004)",4.809456915445555
62,Toy Story 2 (1999),4.803888435726482
62,"Lord of the Rings: The Two Towers, The (2002)",4.797063151732222
62,Seven Samurai (Shichinin no samurai) (1954),4.789463685103553
62,"Lord of the Rings: The Return of the King, The (2003)",4.786876411325771
62,"Lord of the Rings: The Fellowship of the Ring, The (2001)",4.775604504021261
62,Clerks (1994),4.757934705104201
62,Ed Wood (1994),4.747910791803334
62,Mallrats (1995),4.725424856512741
62,Tootsie (1982),4.723654574255626
63,Fargo (1996),4.952265355537247
63,Chinatown (1974),4.922819932129363
63,Real Genius (1985),4.883984593744822
63,Empire of the Sun (1987),4.873681372956272
63,Seven Samurai (Shichinin no samurai) (1954),4.860720312289525
63,Clerks (1994),4.855327467385893
63,Dangerous Liaisons (1988),4.846964072875163
63,Once Upon a Time in America (1984),4.841997343984602
63,Casablanca (1942),4.836648402091085
63,"Shawshank Redemption, The (1994)",4.835509603390059
64,Fargo (1996),4.434789114021944
64,Casablanca (1942),4.340370455210985
64,Clerks (1994),4.32597584268302
64,Citizen Kane (1941),4.295488874273452
64,"Amelie (Fabuleux destin d'Amélie Poulain, Le) (2001)",4.270600960624877
64,Secretary (2002),4.26950291806399
64,Seven Samurai (Shichinin no samurai) (1954),4.26366000312162
64,Mallrats (1995),4.258531421514378
64,Empire of the Sun (1987),4.249845220353135
64,"Big Lebowski, The (1998)",4.248567430557752
65,Fight Club (1999),3.6695817136494515
65,Apocalypse Now (1979),3.6233649340310907
65,Stand by Me (1986),3.558926038229587
65,"Sound of Music, The (1965)",3.521025741191214
65,Mallrats (1995),3.4941211325643424
65,Star Wars: Episode V - The Empire Strikes Back (1980),3.488957723588468
65,Real Genius (1985),3.486341199721162
65,Bottle Rocket (1996),3.4858121349561952
65,"Hunchback of Notre Dame, The (1996)",3.463243244444904
65,Clerks (1994),3.4570749517866277
66,Fight Club (1999),4.813192375119691
66,Chinatown (1974),4.765042237281733
66,"Amelie (Fabuleux destin d'Amélie Poulain, Le) (2001)",4.7227638062004145
66,Real Genius (1985),4.712591993160553
66,Fargo (1996),4.699592012721324
66,"Pianist, The (2002)",4.696313155993342
66,Mallrats (1995),4.685524597589028
66,Clerks (1994),4.675529231453767
66,Seven Samurai (Shichinin no samurai) (1954),4.6494714255071665
66,Barcelona (1994),4.6491092075247265
